Timestamp,Final customer-facing business name,Should the descriptor “Dance & Fitness” continue to appear with the brand?,What should a new visitor understand about Ankit's Studio within the first 5 seconds?,What is the SINGLE most important website action?,Which other actions should be easy?,Which words should describe the brand?,Describe the ideal website vibe and what it must NOT feel like.,Reference website #1,Reference website #2,Reference website #3,Should each section be prominent on the homepage? [Programmes/services],"Should each section be prominent on the homepage? [Machine-free, coach-led approach]",Should each section be prominent on the homepage? [Branches],Should each section be prominent on the homepage? [Practical information],Should each section be prominent on the homepage? [Founder],Should each section be prominent on the homepage? [Trainer/team],Should each section be prominent on the homepage? [Google reviews],Should each section be prominent on the homepage? [Member stories/transformations],Should each section be prominent on the homepage? [Garba/community/events],Should each section be prominent on the homepage? [FAQ],Should each section be prominent on the homepage? [Free-trial section],"Which THREE homepage sections matter most, and why?",Preferred hero media when good real media is available,What exact idea should the homepage hero communicate?,Confirm services to represent,Functional Training — what do members actually do and why do they choose it?,Zumba — describe the actual class experience.,Yoga — describe the actual class experience.,Dance — describe adult Dance and how kids-only / ladies-only batches fit.,Wedding Choreography — explain what customers receive and how the process works.,Home Personal Training — explain who chooses it and how it works.,Online Training — explain who chooses it and how Zoom training works.,Corporate Fitness Sessions — what can companies enquire about?,"Which THREE programmes do you most want to grow in the next 12 months, and why?",Do you want exact programme prices shown publicly?,How should pricing be presented to customers?,Provide current pricing details you are comfortable sharing with us.,Describe all current discounts and exactly who qualifies.,Should these policies be shown publicly? [Cancellation],Should these policies be shown publicly? [Refund],Should these policies be shown publicly? [Transfer between branches],Should these policies be shown publicly? [Freeze/pause],Should these policies be shown publicly? [Membership expiry],Should these policies be shown publicly? [Missed classes],Write the exact current membership policy in customer-friendly terms.,Should exact branch-wise batch schedules be public?,"How should customers check current batch availability, and how often do schedules change?",Describe kids-only and ladies-only batch availability by branch/programme.,Describe the free-trial process from enquiry to attending the studio.,"Airoli Sector 19 — nearest railway station, landmark, approximate walk/auto time and parking guidance",Airoli Sector 19 — amenities [Parking],Airoli Sector 19 — amenities [Washroom],Airoli Sector 19 — amenities [Changing area],Airoli Sector 19 — amenities [Air conditioning],Airoli Sector 19 — amenities [Drinking water],Airoli Sector 19 — amenities [Lift],Airoli Sector 19 — Google Business Profile / Google listing URL,"Airoli Sector 8 — nearest railway station, landmark, approximate walk/auto time and parking guidance",Airoli Sector 8 — amenities [Parking],Airoli Sector 8 — amenities [Washroom],Airoli Sector 8 — amenities [Changing area],Airoli Sector 8 — amenities [Air conditioning],Airoli Sector 8 — amenities [Drinking water],Airoli Sector 8 — amenities [Lift],Airoli Sector 8 — Google Business Profile / Google listing URL,"Ghansoli — nearest railway station, landmark, approximate walk/auto time and parking guidance",Ghansoli — amenities [Parking],Ghansoli — amenities [Washroom],Ghansoli — amenities [Changing area],Ghansoli — amenities [Air conditioning],Ghansoli — amenities [Drinking water],Ghansoli — amenities [Lift],Ghansoli — Google Business Profile / Google listing URL,"Thane — nearest railway station, landmark, approximate walk/auto time and parking guidance",Thane — amenities [Parking],Thane — amenities [Washroom],Thane — amenities [Changing area],Thane — amenities [Air conditioning],Thane — amenities [Drinking water],Thane — amenities [Lift],Thane — Google Business Profile / Google listing URL,Confirm branch opening-year mapping and add branch-specific facts worth highlighting.,Founder story — why did Ankit's Studio start and how did it grow?,What is your coaching philosophy?,List exact qualifications/certifications you are comfortable publishing.,Do you want individual trainer profiles?,Trainer profile plan,Should “15+ coaches/trainers” remain public?,Do you want genuine Google reviews displayed?,Are you comfortable showing selected Google reviews with reviewer attribution and a Google source link?,Can you identify at least 3 real members who may permit a member story/testimonial?,Member story/testimonial candidates,Do you want before/after transformation stories?,What results/transformations are you comfortable discussing publicly?,How much motion/animation do you want?,Are short muted looping REAL studio videos acceptable in hero/section backgrounds?,Should any video autoplay with sound?,Visual behaviours you like,What visual/motion treatment should we avoid?,Should WhatsApp remain the primary enquiry method?,Should customers be able to call +91 93724 02074?,Should ankitsstudio5@gmail.com remain public?,Do you want a separate general contact form?,Describe who handles enquiries and what happens after a new WhatsApp/call/email enquiry.,Instagram URL,Facebook URL,YouTube URL,Other important public profile URL,Do you want a custom domain instead of ankits-studio.vercel.app?,Preferred domain name(s),Do you confirm Ankit's Studio has permission to publish the photos/videos you provide?,"May the developer crop, resize, compress and colour-correct supplied media for web use?","May supplied studio media be used in hero backgrounds, section backgrounds and programme/location cards?",Do any supplied photos/videos include children/minors?,"Explain how publication consent is handled for members, trainers and children/minors in supplied media.",May Aniket showcase the finished website as a portfolio/case-study project?,May screenshots/video recordings of the finished website be used in Aniket's professional portfolio/social posts?,Optional Google Drive folder link for brand files,Optional Google Drive folder link for all branch media,Optional Google Drive folder link for programme media,Optional Google Drive folder link for founder/team/community media,Optional Google Drive folder link for member-story/testimonial media,What are the 3 biggest things you want improved compared with the current live website?,Is there anything currently on the website you definitely want removed or changed?,"Is there any information, claim, photo, video, person or policy that must NOT be published?",Anything else we should know before the final premium refinement?,Airoli Sector 19 — photos/videos,Airoli Sector 8 — photos/videos,Ghansoli — photos/videos,Thane — photos/videos,Functional Training — photos/videos,Zumba — photos/videos,Yoga — photos/videos,Dance / Kids Dance / Ladies Dance — photos/videos,Wedding Choreography — photos/videos,Home Personal Training — photos/videos,Online Training — safe photos/videos/screenshots,Founder Ankit Nalawade — portrait/action photos/video,Trainer/team group media,Individual trainer photos — only with publication permission,Garba/community/events/celebrations,Other strong studio-culture media,Member/testimonial media with publication permission,Before/after transformation media with explicit consent and supporting dates/evidence where applicable,Founder Ankit Nalawade — portrait/action photos/video,Trainer/team group media,Individual trainer photos — only with publication permission,Garba/community/events/celebrations,Other strong studio-culture media,Column 127
8/12/2026 13:21:30,Ankit's Studio,Yes,"Ankit’s Studio makes fitness simple, enjoyable, and achievable for everyone. New visitors should immediately understand that it offers fun, easy-to-follow workouts with personal attention, helping people stay consistent, improve fitness, and feel confident without making exercise feel intimidating or complicated.",Book/enquire about a free trial on WhatsApp,"Find a branch, Open Google Maps, Call, See reviews/member stories","Premium, Energetic, Professional, Community-driven, Dance-led, Fitness-led","The ideal website should feel minimalist, vibrant, modern, and energetic. Use purple as the main brand color, supported by clean white/light backgrounds and subtle contrasting accents. Keep the layout simple with plenty of whitespace, bold but easy-to-read typography, high-quality workout imagery, and clear call-to-action buttons. Avoid clutter, complicated animations, or too many sections. The overall feel should be fun, approachable, motivating, and premium, making fitness look easy and enjoyable.",https://www.cult.fit/,https://www.orangetheory.com/en-in,https://rhythmandflow.in/,Yes,Not sure,Yes,No,Yes,No,Yes,Yes,Not sure,Yes,Yes,"1. Programmes/service
2. Branches
3. Google Reviews

Absolutely. The three sections shown are Programmes/Services, Branches, and Google Reviews. Here’s a detailed explanation you can use for your answer:

1. Programmes/Services

This section matters most because it immediately tells visitors what the organization offers and how it can help them. When someone visits a homepage, they usually want to know what services or programmes are available before exploring further. Clearly presenting them makes the website easier to understand, helps visitors find what they need quickly, and encourages them to take action, such as enrolling, applying, or contacting the organization.

2. Branches

The Branches section is important because it helps visitors determine where the organization is located and which branch is most convenient for them. Providing branch information such as locations, contact details, and possibly opening hours builds convenience and reduces the effort required to find a nearby location. It is especially important for organizations that serve people in multiple areas.

3. Google Reviews

Google Reviews matter because they provide social proof and build trust. New visitors may be unsure whether an organization is reliable or provides good-quality services. Seeing genuine feedback from previous customers can reassure them and influence their decision to choose the organization. Positive reviews also strengthen the organization’s reputation and can make visitors more confident about contacting or using its services.

Why these three deserve early placement

Together, these sections answer three of the visitor’s most important questions:

* “What do you offer?” → Programmes/Services
* “Where can I find you?” → Branches
* “Can I trust you?” → Google Reviews

That makes them valuable homepage sections because they provide information, accessibility, and credibility—three things that can strongly influence whether a visitor continues exploring or decides to use the organization.",Short real workout video,"

The homepage hero should immediately communicate what the website is built for and help visitors understand what we do. That’s why I chose a short, real workout video as the hero media rather than using a generic image. It gives visitors an instant feel for the actual fitness environment, the workouts, and the overall experience.

Since the majority of our fitness audience is women, the hero also needs to address the things that influence their decision to join a fitness space. They want to feel that the place is clean, hygienic, welcoming, worth their investment, and genuinely capable of helping them achieve results.

A real workout video helps communicate this without relying only on words. It shows the energy and atmosphere of the space while making the experience feel more authentic and relatable. It also gives a potential member enough confidence to think, “This looks like a place I would actually want to try.”

Most importantly, the hero should communicate that we are not just about workouts or equipment. We are result-oriented while being community-driven—a place where members can work toward measurable fitness goals while also feeling supported and comfortable within the community.

","Functional Training, Zumba, Yoga, Dance, Wedding Choreography, Home Personal Training, Online Training, Corporate Fitness Sessions (enquiry only)","Our Functional Training sessions are coach-led, energetic and designed around real-life fitness. Members work on strength, mobility, stamina, balance, coordination and fat loss using bodyweight, resistance bands, dumbbells, kettlebells, mats and other functional equipment. Sessions include a mix of strength circuits, HIIT, mobility and functional movements, with exercises modified according to individual fitness levels.

Members choose Functional Training because it is practical, engaging and results-oriented—without depending on heavy gym machines. Our difference is the personal attention, structured coaching and motivating community environment that helps members stay consistent while becoming stronger and fitter.","Our Zumba classes are high-energy, fun and beginner-friendly, combining easy-to-follow dance movements with cardio and full-body exercise. Members enjoy dancing to energetic music, burning calories, improving stamina and coordination, and working out without feeling like they are exercising.

It is especially popular with women, homemakers and working professionals who want an enjoyable way to stay active, lose weight and feel more energetic. Our difference is the friendly community, motivating trainers, simple choreography and non-judgmental environment where even beginners can confidently join and enjoy every session.","Our Yoga classes are calm, structured and beginner-friendly, combining traditional asanas, mobility work, breathing practices, relaxation and mindfulness. Sessions help members improve flexibility, strength, balance, body awareness and overall mental well-being while creating a peaceful break from their daily routine.

Members usually join to stay active, improve flexibility and mobility, manage everyday stress, build a consistent fitness routine and feel more relaxed and energetic. Our approach focuses on proper guidance, mindful movement and creating a comfortable environment for people of different fitness levels.","Our Dance classes are fun, energetic and designed for people who simply love to dance. Adult batches focus on learning popular dance styles and choreography in a relaxed, non-judgmental environment—making them a great way to stay active, express yourself and enjoy music with a community.

Ladies-only batches offer a comfortable, friendly space where women can learn, move and enjoy dancing together. Kids-only batches are designed around age-appropriate choreography, helping children build confidence, coordination, rhythm and stage presence while having fun.

Whether it’s for fitness, a hobby or simply the joy of dancing, our classes are inclusive, engaging and beginner-friendly.","Our Wedding Choreography service offers personalised dance performances for weddings and pre-wedding celebrations, created around the couple, family and friends. We first understand the event, participants, song preferences, dance experience and performance requirements.

Our choreographer then selects suitable songs, creates easy-to-learn choreography and teaches the group step-by-step through planned practice sessions. The choreography is customised to the participants’ comfort levels and can include couple performances, family dances and group performances.

The goal is to make everyone feel confident, coordinated and comfortable on stage, while creating a fun experience and memorable performance for the wedding.","Our Home Personal Training is designed for people who prefer privacy, convenience and one-to-one coaching at home. It is ideal for beginners, busy professionals, homemakers, seniors and anyone who wants more personalised attention than a group class.

We provide trainers across Navi Mumbai and Thane, subject to location and trainer availability. After understanding the client’s goals, fitness level, schedule and available space/equipment, the trainer creates a personalised workout plan and conducts one-to-one sessions at the client’s home.

The training is personalised in terms of exercise selection, intensity, pace, progression and session timing, with regular guidance to help clients stay consistent and work towards their individual fitness goals.","Our Online Training is designed for people who want professional fitness coaching from the convenience of home, regardless of their location. Sessions are conducted through Zoom and can be offered as live one-to-one personal training or structured small-group sessions, depending on the programme.

Members receive guided workouts, exercise demonstrations, corrections and coaching throughout the session. Training can be adapted to their fitness level, goals, available space/equipment and schedule, making it a convenient option for busy professionals, homemakers and people who cannot regularly visit a studio.","Companies can enquire about customised fitness and wellness programmes for their employees, conducted at the workplace or online. Sessions can include Yoga, Zumba, Functional Fitness, mobility, mindfulness, team wellness activities and customised employee engagement programmes.

We work with HR, Admin and Facility teams to understand the organisation’s requirements and create sessions based on team size, objectives, duration, location and schedule. We also offer special wellness experiences and fitness activities for corporate events, employee engagement days and wellness initiatives.","1. Corporate Wellness Programmes – We want to build this into a strong B2B vertical by partnering with companies for recurring employee wellness, fitness and engagement programmes.

2. Home & Online Personal Training – These programmes allow us to reach clients beyond our physical studio locations and create a scalable personalised-training model across Navi Mumbai, Thane and beyond.

3. TTEA (Trainer Training & Education Academy) – We want to develop TTEA into a strong training and education platform for aspiring and existing fitness professionals, helping them build practical coaching skills, improve their earning potential and create a larger network of trained fitness coaches.

These three areas can help us expand beyond studio memberships, create multiple scalable revenue streams and build a larger fitness ecosystem around the Ankit’s Studio brand.",No — ask on WhatsApp,"Fees stay private and are shared directly with customers based on the selected programme, branch, batch and membership/package. We prefer customers to enquire with us so our team can recommend the most suitable option based on their requirements rather than displaying a fixed price list publicly.
","
Since your fees vary across branches, programmes, batch timings and offers, I would write:

Pricing varies by programme, branch, batch, duration and membership/package selected. We offer monthly memberships as well as longer-duration packages where applicable. Home Personal Training, Online Training, Corporate Wellness and other specialised programmes have separate pricing structures.

Current fees are shared privately during enquiry, along with the available package options and applicable offers. Prices may change periodically based on ongoing promotions or programme updates.

This is safer than putting old/inconsistent prices into the website.","We may offer special pricing or benefits for couples, family members, siblings, students, long-term memberships, group enrolments and corporate/company tie-ups, depending on the current offer.

Promotional offers may also be introduced for new admissions, special campaigns and selected programmes. Discounts and eligibility are subject to the specific offer available at the time of enquiry and are confirmed by our team before enrolment.",Yes,Yes,Yes,Yes,Yes,No,"Membership Policy
Cancellation: Once a membership is purchased, cancellation is subject to the terms communicated at the time of enrolment.

Refunds: Membership fees are generally non-refundable and non-transferable once the membership has commenced, except where specifically approved by management.

Transfer Between Branches: Members may request to transfer their membership between Ankit’s Studio branches, subject to programme availability, applicable fee differences and management approval.

Freeze/Pause: Memberships may be paused/frozen only under eligible circumstances and with prior approval. The freeze period and applicable conditions will be communicated at the time of the request.

Membership Expiry: Memberships are valid only for the duration mentioned at the time of purchase and expire automatically on the stated expiry date. Unused sessions do not automatically extend the membership period.

Missed Classes: Missed classes are not carried forward, compensated or added to the membership period. Members are encouraged to attend according to the schedule selected at enrolment.

One thing I would change

For Cancellation + Refund, I would avoid saying simply “non-refundable” on the website unless that is genuinely your final policy in every situation.",Yes,"Schedule changes particularly when a batch is under performing.
This usually happens very rare and change might occur years later.","We offer dedicated kids-only and ladies-only batches at selected branches and timings, depending on programme and current batch availability. Timings may vary by branch, programme and age group.

For the most suitable option, customers can enquire with us and our team will share the current available batches, timings and branch options.","Customers can enquire with us through WhatsApp, phone or our website. Our team first understands their preferred programme, branch and suitable timings, and then shares the available trial options.

The customer books a free trial session and receives confirmation with the batch timing, location and any instructions for the visit. On arrival, our team welcomes the customer, explains the session and allows them to experience the class with the group.

After the trial, our team discusses the available membership options, fees and next steps based on the customer’s preferred programme and schedule.","AIROLI STATION
LANDMARK : Opp. Goandevi Maidan
10 MINS walking from AIROLI STATION
Open Parking Available",Yes,Yes,Yes,Yes,Yes,No,https://maps.app.goo.gl/75pmKFuezsCSd5JP8,"Nearest Station : RABALE STATION
LANDMARK : Besides TuljaBhavani Mandir
10 MINS walking from RABALE STATION
Open Parking Available",Yes,Yes,Yes,Yes,Yes,No,https://maps.app.goo.gl/1J1KpmeYWsoWkckr6,"Nearest Station : GHANSOLI STATION
LANDMARK : Opp. Sai Baba Mandir
5 MINS Auto Drive from GHANSOLI STATION
Open Parking Available",Yes,Yes,Yes,Yes,Yes,No,https://maps.app.goo.gl/PVDTDZKsM9iSHdjD9,"Nearest Station : THANESTATION
LANDMARK : Opp. AWAAZ RADIO
5 MINS Auto Drive from THANE STATION
Open Parking Available",Yes,Yes,Yes,Yes,Yes,No,https://maps.app.goo.gl/6tQTXnrur5iggfJ6A,"Ankit’s Studio has grown from its first branch in Sector 19, Airoli, to multiple locations across Navi Mumbai and Thane. Our current branches are:
• Sector 19, Airoli — established in 2019
• Sector 8A, Airoli — established in 2021
• Ghansoli — established in 2023
• Thane — established in 2026

We are continuing to expand our presence while maintaining the same focus on quality coaching, welcoming communities and accessible fitness experiences across our locations.","Ankit’s Studio started with a simple belief: fitness should be accessible, enjoyable and sustainable—not intimidating or limited to traditional gyms.

Ankit wanted to create a space where people could improve their fitness through expert coaching, movement and community, without depending on complicated machines or a conventional gym environment. This led to the creation of Ankit’s Studio in Sector 19, Airoli, in 2019.

Over the years, the studio grew through the trust and support of its members, expanding to Sector 8A, Airoli (2021), Ghansoli (2023) and Thane (2026). What began as one studio has evolved into a growing fitness ecosystem offering Yoga, Zumba, Functional Training, Dance, Personal Training, Corporate Wellness and trainer education.

The journey has reinforced one core belief: when people feel comfortable, supported and motivated, fitness becomes a lifestyle rather than a short-term goal.","Our coaching philosophy is simple: fitness should be effective, enjoyable and sustainable.

We believe good coaching is not about pushing everyone through the same workout. It is about understanding the person, meeting them at their current fitness level, teaching them correctly and helping them progress consistently.

We focus on proper guidance, inclusivity, consistency and community, while making every session engaging enough that members genuinely look forward to coming back.","We prefer not to publish individual qualifications or certification details on the website. Our coaching team is professionally trained and experienced, and relevant credentials can be shared directly with clients upon request.",Later — after details/photos are collected,"
We prefer not to publish individual trainer profiles, names or qualification details at this stage. Instead, the website will highlight the strength and experience of our overall coaching team. Individual trainer details can be shared directly with customers when relevant to their programme or enquiry.
",Yes,Yes,Yes,Yes,"We have a strong base of long-term members across our Airoli, Ghansoli and Thane locations who can potentially be featured as member stories or testimonials. We would prefer to identify and approach suitable members from each branch and programme based on their individual experience, consistency and journey.

We can also use verified Google reviews as a source of authentic customer feedback, with appropriate attribution where permitted. Testimonials, photographs and personal stories will only be published with the member’s explicit consent.

Your selections

For “Do you want before/after transformation stories?” → YES — only with explicit consent and evidence.

That gives the website team enough direction to later build a strong “Member Stories / Real Experiences” section without forcing you to nominate names before you’ve personally selected the right members.",Yes — only with explicit consent and evidence,"We are comfortable sharing general fitness progress and transformation stories, such as improvements in fitness, consistency, strength, mobility, confidence and lifestyle habits. Any before/after photographs, personal stories or identifiable member information will only be published with the member’s explicit consent and approval. We will not publish private medical information or make medical claims. Stories will focus on authentic fitness journeys and individual experiences rather than guaranteed results.

This gives you permission to use member transformations as powerful website/social proof, while keeping the policy professional and respectful.",Medium — noticeable and restrained,Yes,No — muted only,"Kinetic typography, Subtle scroll reveals, Programme-specific motion, Video hero, Animated section transitions, Interactive hover/focus states, Horizontal storytelling, Editorial split layouts, Large typography","Avoid flashy neon-gym aesthetics, excessive bouncing or spinning animations, nightclub-style visuals, heavy gradients, overly saturated colours, gimmicky motion effects, excessive 3D elements, cluttered layouts and anything that feels loud or cheap. We want the visual language to feel premium, modern, energetic and sophisticated, with movement used purposefully rather than for decoration. Avoid anything that compromises readability, accessibility, page speed or the calm/premium feel of the brand.",Yes,Yes,Yes,No — WhatsApp/call/email is enough,"Enquiry is handled mostly by Admin.
Response time is less than a minute.
Whatsapp Business uses automated AI conversations for branch routing and trial followup.",https://www.instagram.com/ankitsstudio?igshid=MmIzYWVlNDQ5Yg%3D%3D,,https://youtube.com/@ankitsstudio?si=PhnLfioVa0zTTP2n,,Yes,NA,Yes,Yes,Yes,Yes,"We will obtain explicit consent before publishing identifiable photos, videos, testimonials or stories involving members, trainers or children. For minors, consent will be obtained from a parent or legal guardian. Consent will cover the intended use, such as the Ankit’s Studio website, social media, marketing campaigns or other promotional materials. If consent is not available, the individual will not be intentionally featured in identifiable promotional content. We will not publish sensitive personal or private information.",Yes,Yes,,,,,,"I would like to improve the media, motion, and content across the website. I’d like more engaging visuals and video, smoother and more purposeful animations, and clearer, stronger content that makes the site feel more modern and engaging.","I’m happy with how the website is performing overall, so I don’t want to remove anything major. I’d mainly like to refine the existing content, visuals, media, and motion to make everything feel more modern, engaging, and polished.","None. There is no specific information, claim, photo, video, person, or policy that must be excluded from the website. All content can be reviewed and published as appropriate.","No. My top priority is to see how the website performs first, especially in terms of engagement, visuals, content, and overall user experience. After that, I can identify any further refinements that may be needed.","https://drive.google.com/open?id=1yLG1sQLUjt5ererODccajqqeFFXW2iP-, https://drive.google.com/open?id=1Rflif06DIa3HKKwPpsk1k0yUrsBSwTMm, https://drive.google.com/open?id=1ZNyObUQoPecShbuHrzYOabcTpC_TeYm6, https://drive.google.com/open?id=1FZnqUT45vUxCTAvihSFhKwJ2Yh32CWtY, https://drive.google.com/open?id=1CC1ZPAztN7G3FTWadnJL8B_rkhpT0vNr, https://drive.google.com/open?id=1O6a3NWIM_-6_wRFpRjYsCHuaiwlXHAot, https://drive.google.com/open?id=1eKoGPj7Gb2BXcNilOuPm5JlqaocluiHa","https://drive.google.com/open?id=11W4qCCkbdwJG6oz9FuAxgyY8wP07DYp6, https://drive.google.com/open?id=1jrstcmW-DmdpHIcWZTcx_1QHzEqMeUP8, https://drive.google.com/open?id=12k_UoBoEG4XBEE0SM_BGlWbq7Rvgllpc, https://drive.google.com/open?id=1NGKfmAvJOVdhyL-7jMBLOfBn3jXbKFdM, https://drive.google.com/open?id=1Hx9__neMathywyzauBnDPKGqKelIRrdR, https://drive.google.com/open?id=1KZqISaRFzgOQnv4m9VRB8-bVP_FyeUhT, https://drive.google.com/open?id=1nfW78dcz1hUwxGo_339Ln-Uaq7D_m3v0, https://drive.google.com/open?id=1jl6d8Yma-a1MBlxnIBHtpdTB6hg4Cud-, https://drive.google.com/open?id=1ISKr7ILW6B6arG293XXvRxsEixwQNygy, https://drive.google.com/open?id=1VMXBO5VVOpminkuWzp57R7gyW0zU0Z5h",,,,,,,,,,,,,,,,,,,,,,